src_database,src_id,structure,mobile_id,barrier
Crystallography Open Database,1537475,Li24Al8N16,0,10.122589111328123
Crystallography Open Database,1537475,Li24Al8N16,1,10.139495849609377
Crystallography Open Database,1537475,Li24Al8N16,2,10.142868041992188
Crystallography Open Database,1537475,Li24Al8N16,3,10.129608154296877
Crystallography Open Database,1537475,Li24Al8N16,4,10.131851196289062
Crystallography Open Database,1537475,Li24Al8N16,5,10.168380737304688
Crystallography Open Database,1537475,Li24Al8N16,6,10.175018310546877
Crystallography Open Database,1537475,Li24Al8N16,7,10.1661376953125
Crystallography Open Database,1537475,Li24Al8N16,8,10.175018310546877
Crystallography Open Database,1537475,Li24Al8N16,9,10.113723754882812
Crystallography Open Database,1537475,Li24Al8N16,10,10.121780395507812
Crystallography Open Database,1537475,Li24Al8N16,11,10.16839599609375
Crystallography Open Database,1537475,Li24Al8N16,12,10.122604370117188
Crystallography Open Database,1537475,Li24Al8N16,13,10.139495849609377
Crystallography Open Database,1537475,Li24Al8N16,14,10.14288330078125
Crystallography Open Database,1537475,Li24Al8N16,15,10.129608154296877
Crystallography Open Database,1537475,Li24Al8N16,16,10.131851196289062
Crystallography Open Database,1537475,Li24Al8N16,17,10.16839599609375
Crystallography Open Database,1537475,Li24Al8N16,18,10.175018310546877
Crystallography Open Database,1537475,Li24Al8N16,19,10.166122436523438
Crystallography Open Database,1537475,Li24Al8N16,20,10.175018310546877
Crystallography Open Database,1537475,Li24Al8N16,21,10.113723754882812
Crystallography Open Database,1537475,Li24Al8N16,22,10.121780395507812
Crystallography Open Database,1537475,Li24Al8N16,23,10.168380737304688
Icsd,153620,Li12W2N8,0,2.9434356689453125
Icsd,153620,Li12W2N8,1,2.996978759765625
Icsd,153620,Li12W2N8,2,2.99139404296875
Icsd,153620,Li12W2N8,3,2.941375732421875
Icsd,153620,Li12W2N8,4,3.218170166015625
Icsd,153620,Li12W2N8,5,3.2316131591796875
Icsd,153620,Li12W2N8,6,3.2841339111328125
Icsd,153620,Li12W2N8,7,3.220306396484375
Icsd,153620,Li12W2N8,8,3.0809478759765625
Icsd,153620,Li12W2N8,9,3.0823974609375
Icsd,153620,Li12W2N8,10,3.076507568359375
Icsd,153620,Li12W2N8,11,3.0692138671875
Icsd,245988,CsLi2I3,1,0.320770263671875
Icsd,245988,CsLi2I3,2,0.3169364929199219
Crystallography Open Database,7024042,Li12Mo6O24,0,1.579071044921875
Crystallography Open Database,7024042,Li12Mo6O24,1,1.579071044921875
Crystallography Open Database,7024042,Li12Mo6O24,2,1.579071044921875
Crystallography Open Database,7024042,Li12Mo6O24,3,1.579071044921875
Crystallography Open Database,7024042,Li12Mo6O24,4,1.579071044921875
Crystallography Open Database,7024042,Li12Mo6O24,5,1.579071044921875
Crystallography Open Database,7024042,Li12Mo6O24,6,1.58642578125
Crystallography Open Database,7024042,Li12Mo6O24,7,1.586456298828125
Crystallography Open Database,7024042,Li12Mo6O24,8,1.586456298828125
Crystallography Open Database,7024042,Li12Mo6O24,9,1.586456298828125
Crystallography Open Database,7024042,Li12Mo6O24,10,1.586456298828125
Crystallography Open Database,7024042,Li12Mo6O24,11,1.586456298828125
Crystallography Open Database,2310701,Li4B4O8,0,2.016510009765625
Crystallography Open Database,2310701,Li4B4O8,1,2.061073303222656
Crystallography Open Database,2310701,Li4B4O8,2,2.016517639160156
Crystallography Open Database,2310701,Li4B4O8,3,2.061073303222656
Icsd,245978,Cs3Li2Br5,3,0.5454292297363281
Icsd,245978,Cs3Li2Br5,4,0.5145092010498047
Icsd,87991,Li8Al6Ge6Br2O24,0,3.682891845703125
Icsd,87991,Li8Al6Ge6Br2O24,1,3.683624267578125
Icsd,87991,Li8Al6Ge6Br2O24,2,3.68255615234375
Icsd,87991,Li8Al6Ge6Br2O24,3,3.6844482421875
Icsd,87991,Li8Al6Ge6Br2O24,4,3.682830810546875
Icsd,87991,Li8Al6Ge6Br2O24,5,3.6846923828125
Icsd,87991,Li8Al6Ge6Br2O24,6,3.68182373046875
Icsd,87991,Li8Al6Ge6Br2O24,7,3.683746337890625
Icsd,67236,Li12W6O24,0,1.686767578125
Icsd,67236,Li12W6O24,1,1.68896484375
Icsd,67236,Li12W6O24,2,1.67547607421875
Icsd,67236,Li12W6O24,3,1.67523193359375
Icsd,67236,Li12W6O24,4,1.6812744140625
Icsd,67236,Li12W6O24,5,1.677581787109375
Icsd,67236,Li12W6O24,6,1.697479248046875
Icsd,67236,Li12W6O24,7,1.692047119140625
Icsd,67236,Li12W6O24,8,1.682647705078125
Icsd,67236,Li12W6O24,9,1.690887451171875
Icsd,67236,Li12W6O24,10,1.687896728515625
Icsd,67236,Li12W6O24,11,1.689422607421875
Icsd,50612,Li8Al4B4O16,0,2.5608367919921875
Icsd,50612,Li8Al4B4O16,1,2.541778564453125
Icsd,50612,Li8Al4B4O16,2,2.54376220703125
Icsd,50612,Li8Al4B4O16,3,2.557373046875
Icsd,50612,Li8Al4B4O16,4,2.174407958984375
Icsd,50612,Li8Al4B4O16,5,2.1479949951171875
Icsd,50612,Li8Al4B4O16,6,2.137191772460937
Icsd,50612,Li8Al4B4O16,7,2.162384033203125
Icsd,74950,Li7TaO6,0,4.8714141845703125
Icsd,74950,Li7TaO6,1,4.907951354980469
Icsd,74950,Li7TaO6,2,4.894767761230469
Icsd,74950,Li7TaO6,3,3.4759521484375
Icsd,74950,Li7TaO6,4,3.4837417602539062
Icsd,74950,Li7TaO6,5,3.4832305908203125
Icsd,74950,Li7TaO6,6,2.062225341796875
Crystallography Open Database,2003027,Li4Si4O10,0,2.3366622924804688
Crystallography Open Database,2003027,Li4Si4O10,1,2.3431549072265625
Crystallography Open Database,2003027,Li4Si4O10,2,2.3431472778320312
Crystallography Open Database,2003027,Li4Si4O10,3,2.3366622924804688
Crystallography Open Database,1535987,Li16Ta4N12,0,4.4345550537109375
Crystallography Open Database,1535987,Li16Ta4N12,1,4.4198760986328125
Crystallography Open Database,1535987,Li16Ta4N12,2,4.416656494140625
Crystallography Open Database,1535987,Li16Ta4N12,3,4.4947052001953125
Crystallography Open Database,1535987,Li16Ta4N12,4,4.41424560546875
Crystallography Open Database,1535987,Li16Ta4N12,5,4.48358154296875
Crystallography Open Database,1535987,Li16Ta4N12,6,4.472686767578125
Crystallography Open Database,1535987,Li16Ta4N12,7,4.397979736328125
Crystallography Open Database,1535987,Li16Ta4N12,8,4.5963134765625
Crystallography Open Database,1535987,Li16Ta4N12,9,4.591094970703125
Crystallography Open Database,1535987,Li16Ta4N12,10,4.673507690429688
Crystallography Open Database,1535987,Li16Ta4N12,11,4.63909912109375
Crystallography Open Database,1535987,Li16Ta4N12,12,3.327255249023437
Crystallography Open Database,1535987,Li16Ta4N12,13,3.305145263671875
Crystallography Open Database,1535987,Li16Ta4N12,14,3.3081207275390625
Crystallography Open Database,1535987,Li16Ta4N12,15,3.3194732666015625
Icsd,419852,Li20Cl12O4,0,3.7655029296875
Icsd,419852,Li20Cl12O4,1,3.7654876708984375
Icsd,419852,Li20Cl12O4,2,3.7655029296875
Icsd,419852,Li20Cl12O4,3,3.7655029296875
Icsd,419852,Li20Cl12O4,4,4.741912841796875
Icsd,419852,Li20Cl12O4,5,4.7419281005859375
Icsd,419852,Li20Cl12O4,6,4.741912841796875
Icsd,419852,Li20Cl12O4,7,4.741912841796875
Icsd,419852,Li20Cl12O4,8,4.741912841796875
Icsd,419852,Li20Cl12O4,9,4.7418975830078125
Icsd,419852,Li20Cl12O4,10,4.741912841796875
Icsd,419852,Li20Cl12O4,11,4.741912841796875
Icsd,419852,Li20Cl12O4,12,4.7418975830078125
Icsd,419852,Li20Cl12O4,13,4.7419281005859375
Icsd,419852,Li20Cl12O4,14,4.741912841796875
Icsd,419852,Li20Cl12O4,15,4.741912841796875
Icsd,419852,Li20Cl12O4,16,4.741912841796875
Icsd,419852,Li20Cl12O4,17,4.7418975830078125
Icsd,419852,Li20Cl12O4,18,4.741912841796875
Icsd,419852,Li20Cl12O4,19,4.741912841796875
Icsd,61199,Li2PdO2,0,0.6253910064697266
Icsd,61199,Li2PdO2,1,0.6272773742675781
Icsd,280992,Li4Ta4Ge4O20,0,2.4971923828125
Icsd,280992,Li4Ta4Ge4O20,1,2.5443115234375
Icsd,280992,Li4Ta4Ge4O20,2,2.5128326416015625
Icsd,280992,Li4Ta4Ge4O20,3,2.5088348388671875
Crystallography Open Database,1510745,Li4B4S10,0,0.5288009643554688
Crystallography Open Database,1510745,Li4B4S10,1,0.53533935546875
Crystallography Open Database,1510745,Li4B4S10,2,0.5281982421875
Crystallography Open Database,1510745,Li4B4S10,3,0.5358734130859375
Crystallography Open Database,1528861,Li24Zr4Be4F48,0,3.0166015625
Crystallography Open Database,1528861,Li24Zr4Be4F48,1,3.005035400390625
Crystallography Open Database,1528861,Li24Zr4Be4F48,2,3.052215576171875
Crystallography Open Database,1528861,Li24Zr4Be4F48,3,3.024688720703125
Crystallography Open Database,1528861,Li24Zr4Be4F48,4,3.016571044921875
Crystallography Open Database,1528861,Li24Zr4Be4F48,5,3.024658203125
Crystallography Open Database,1528861,Li24Zr4Be4F48,6,3.052154541015625
Crystallography Open Database,1528861,Li24Zr4Be4F48,7,3.00506591796875
Crystallography Open Database,1528861,Li24Zr4Be4F48,8,3.533599853515625
Crystallography Open Database,1528861,Li24Zr4Be4F48,9,3.48822021484375
Crystallography Open Database,1528861,Li24Zr4Be4F48,10,3.498809814453125
Crystallography Open Database,1528861,Li24Zr4Be4F48,11,3.48822021484375
Crystallography Open Database,1528861,Li24Zr4Be4F48,12,3.533599853515625
Crystallography Open Database,1528861,Li24Zr4Be4F48,13,3.48822021484375
Crystallography Open Database,1528861,Li24Zr4Be4F48,14,3.498809814453125
Crystallography Open Database,1528861,Li24Zr4Be4F48,15,3.48822021484375
Crystallography Open Database,1528861,Li24Zr4Be4F48,16,3.49139404296875
Crystallography Open Database,1528861,Li24Zr4Be4F48,17,3.4869384765625
Crystallography Open Database,1528861,Li24Zr4Be4F48,18,3.478759765625
Crystallography Open Database,1528861,Li24Zr4Be4F48,19,3.4869384765625
Crystallography Open Database,1528861,Li24Zr4Be4F48,20,3.49139404296875
Crystallography Open Database,1528861,Li24Zr4Be4F48,21,3.486968994140625
Crystallography Open Database,1528861,Li24Zr4Be4F48,22,3.478729248046875
Crystallography Open Database,1528861,Li24Zr4Be4F48,23,3.486907958984375
,-1,Li20Ge2P4S24,0,1.1746978759765625
,-1,Li20Ge2P4S24,1,1.0646209716796875
,-1,Li20Ge2P4S24,2,0.988494873046875
,-1,Li20Ge2P4S24,3,1.0828704833984375
,-1,Li20Ge2P4S24,4,1.074462890625
,-1,Li20Ge2P4S24,5,1.3657684326171875
,-1,Li20Ge2P4S24,6,1.0322113037109375
,-1,Li20Ge2P4S24,7,0.967803955078125
,-1,Li20Ge2P4S24,8,1.4846649169921875
,-1,Li20Ge2P4S24,9,0.8553009033203125
,-1,Li20Ge2P4S24,10,0.97021484375
,-1,Li20Ge2P4S24,11,1.032318115234375
,-1,Li20Ge2P4S24,12,1.10601806640625
,-1,Li20Ge2P4S24,13,0.8115081787109375
,-1,Li20Ge2P4S24,14,1.0779571533203125
,-1,Li20Ge2P4S24,15,1.0225372314453125
,-1,Li20Ge2P4S24,16,1.0839996337890625
,-1,Li20Ge2P4S24,17,0.8751220703125
,-1,Li20Ge2P4S24,18,0.8350982666015625
,-1,Li20Ge2P4S24,19,1.278564453125
Icsd,69300,Li8Si8O20,0,2.552703857421875
Icsd,69300,Li8Si8O20,1,2.555877685546875
Icsd,69300,Li8Si8O20,2,2.548675537109375
Icsd,69300,Li8Si8O20,3,2.5380096435546875
Icsd,69300,Li8Si8O20,4,2.53704833984375
Icsd,69300,Li8Si8O20,5,2.5496063232421875
Icsd,69300,Li8Si8O20,6,2.5568084716796875
Icsd,69300,Li8Si8O20,7,2.5543670654296875
Crystallography Open Database,7224138,Li12Al4Si4O20,0,4.226165771484375
Crystallography Open Database,7224138,Li12Al4Si4O20,1,4.226165771484375
Crystallography Open Database,7224138,Li12Al4Si4O20,2,4.25921630859375
Crystallography Open Database,7224138,Li12Al4Si4O20,3,4.25921630859375
Crystallography Open Database,7224138,Li12Al4Si4O20,4,4.2947998046875
Crystallography Open Database,7224138,Li12Al4Si4O20,5,4.2947998046875
Crystallography Open Database,7224138,Li12Al4Si4O20,6,4.188690185546875
Crystallography Open Database,7224138,Li12Al4Si4O20,7,4.188690185546875
Crystallography Open Database,7224138,Li12Al4Si4O20,8,4.105377197265625
Crystallography Open Database,7224138,Li12Al4Si4O20,9,4.10540771484375
Crystallography Open Database,7224138,Li12Al4Si4O20,10,4.1383056640625
Crystallography Open Database,7224138,Li12Al4Si4O20,11,4.1383056640625
Icsd,167518,Li4In4Ge4O16,0,4.48834228515625
Icsd,167518,Li4In4Ge4O16,1,4.5171661376953125
Icsd,167518,Li4In4Ge4O16,2,4.550018310546875
Icsd,167518,Li4In4Ge4O16,3,4.4993743896484375
Crystallography Open Database,1510224,Li12Au4O12,0,2.121200561523437
Crystallography Open Database,1510224,Li12Au4O12,1,2.078460693359375
Crystallography Open Database,1510224,Li12Au4O12,2,2.121200561523437
Crystallography Open Database,1510224,Li12Au4O12,3,2.078460693359375
Crystallography Open Database,1510224,Li12Au4O12,4,2.078460693359375
Crystallography Open Database,1510224,Li12Au4O12,5,2.121200561523437
Crystallography Open Database,1510224,Li12Au4O12,6,2.078460693359375
Crystallography Open Database,1510224,Li12Au4O12,7,2.121200561523437
Crystallography Open Database,1510224,Li12Au4O12,8,2.150390625
Crystallography Open Database,1510224,Li12Au4O12,9,2.1662139892578125
Crystallography Open Database,1510224,Li12Au4O12,10,2.150390625
Crystallography Open Database,1510224,Li12Au4O12,11,2.1662139892578125
Icsd,40247,Li6TeO6,0,1.7047195434570312
Icsd,40247,Li6TeO6,1,1.6972732543945312
Icsd,40247,Li6TeO6,2,1.6973800659179688
Icsd,40247,Li6TeO6,3,1.69818115234375
Icsd,40247,Li6TeO6,4,1.6984100341796875
Icsd,40247,Li6TeO6,5,1.7042083740234375
Crystallography Open Database,2000944,Li56Nb8N32,0,7.6842041015625
Crystallography Open Database,2000944,Li56Nb8N32,1,7.73004150390625
Crystallography Open Database,2000944,Li56Nb8N32,2,7.7645263671875
Crystallography Open Database,2000944,Li56Nb8N32,3,7.73724365234375
Crystallography Open Database,2000944,Li56Nb8N32,4,7.69403076171875
Crystallography Open Database,2000944,Li56Nb8N32,5,7.69366455078125
Crystallography Open Database,2000944,Li56Nb8N32,6,7.68731689453125
Crystallography Open Database,2000944,Li56Nb8N32,7,7.72100830078125
Crystallography Open Database,2000944,Li56Nb8N32,8,7.69525146484375
Crystallography Open Database,2000944,Li56Nb8N32,9,7.71734619140625
Crystallography Open Database,2000944,Li56Nb8N32,10,7.76654052734375
Crystallography Open Database,2000944,Li56Nb8N32,11,7.671875
Crystallography Open Database,2000944,Li56Nb8N32,12,7.67535400390625
Crystallography Open Database,2000944,Li56Nb8N32,13,7.72216796875
Crystallography Open Database,2000944,Li56Nb8N32,14,7.724609375
Crystallography Open Database,2000944,Li56Nb8N32,15,7.68963623046875
Crystallography Open Database,2000944,Li56Nb8N32,16,7.67987060546875
Crystallography Open Database,2000944,Li56Nb8N32,17,7.764892578125
Crystallography Open Database,2000944,Li56Nb8N32,18,7.70550537109375
Crystallography Open Database,2000944,Li56Nb8N32,19,7.75494384765625
Crystallography Open Database,2000944,Li56Nb8N32,20,7.74761962890625
Crystallography Open Database,2000944,Li56Nb8N32,21,7.7000732421875
Crystallography Open Database,2000944,Li56Nb8N32,22,7.76849365234375
Crystallography Open Database,2000944,Li56Nb8N32,23,7.68353271484375
Crystallography Open Database,2000944,Li56Nb8N32,24,7.62164306640625
Crystallography Open Database,2000944,Li56Nb8N32,25,7.6199951171875
Crystallography Open Database,2000944,Li56Nb8N32,26,7.6573486328125
Crystallography Open Database,2000944,Li56Nb8N32,27,7.6180419921875
Crystallography Open Database,2000944,Li56Nb8N32,28,7.6531982421875
Crystallography Open Database,2000944,Li56Nb8N32,29,7.6593017578125
Crystallography Open Database,2000944,Li56Nb8N32,30,7.6182861328125
Crystallography Open Database,2000944,Li56Nb8N32,31,7.646484375
Crystallography Open Database,2000944,Li56Nb8N32,32,7.6517333984375
Crystallography Open Database,2000944,Li56Nb8N32,33,7.63092041015625
Crystallography Open Database,2000944,Li56Nb8N32,34,7.6585693359375
Crystallography Open Database,2000944,Li56Nb8N32,35,7.60028076171875
Crystallography Open Database,2000944,Li56Nb8N32,36,7.59649658203125
Crystallography Open Database,2000944,Li56Nb8N32,37,7.6357421875
Crystallography Open Database,2000944,Li56Nb8N32,38,7.64349365234375
Crystallography Open Database,2000944,Li56Nb8N32,39,7.65313720703125
Crystallography Open Database,2000944,Li56Nb8N32,40,7.62481689453125
Crystallography Open Database,2000944,Li56Nb8N32,41,7.6865234375
Crystallography Open Database,2000944,Li56Nb8N32,42,7.60986328125
Crystallography Open Database,2000944,Li56Nb8N32,43,7.64056396484375
Crystallography Open Database,2000944,Li56Nb8N32,44,7.6422119140625
Crystallography Open Database,2000944,Li56Nb8N32,45,7.60552978515625
Crystallography Open Database,2000944,Li56Nb8N32,46,7.68804931640625
Crystallography Open Database,2000944,Li56Nb8N32,47,7.62982177734375
Crystallography Open Database,2000944,Li56Nb8N32,48,7.96075439453125
Crystallography Open Database,2000944,Li56Nb8N32,49,7.96563720703125
Crystallography Open Database,2000944,Li56Nb8N32,50,7.94659423828125
Crystallography Open Database,2000944,Li56Nb8N32,51,7.9705810546875
Crystallography Open Database,2000944,Li56Nb8N32,52,7.93695068359375
Crystallography Open Database,2000944,Li56Nb8N32,53,7.9588623046875
Crystallography Open Database,2000944,Li56Nb8N32,54,7.9403076171875
Crystallography Open Database,2000944,Li56Nb8N32,55,7.95068359375
Crystallography Open Database,1100060,Li6Al2B4O12,0,3.1205291748046875
Crystallography Open Database,1100060,Li6Al2B4O12,1,3.1205291748046875
Crystallography Open Database,1100060,Li6Al2B4O12,2,3.087020874023437
Crystallography Open Database,1100060,Li6Al2B4O12,3,3.087020874023437
Crystallography Open Database,1100060,Li6Al2B4O12,4,2.631866455078125
Crystallography Open Database,1100060,Li6Al2B4O12,5,2.631866455078125
Icsd,182033,Li8Nb8O24,0,1.979248046875
Icsd,182033,Li8Nb8O24,1,1.981048583984375
Icsd,182033,Li8Nb8O24,2,1.968994140625
Icsd,182033,Li8Nb8O24,3,1.971466064453125
Icsd,182033,Li8Nb8O24,4,2.099822998046875
Icsd,182033,Li8Nb8O24,5,2.07501220703125
Icsd,182033,Li8Nb8O24,6,2.104522705078125
Icsd,182033,Li8Nb8O24,7,2.0689697265625
Icsd,174443,Li16Nb2N8O,0,6.8476409912109375
Icsd,174443,Li16Nb2N8O,1,6.792938232421875
Icsd,174443,Li16Nb2N8O,2,7.0690460205078125
Icsd,174443,Li16Nb2N8O,3,6.8768157958984375
Icsd,174443,Li16Nb2N8O,4,6.9083404541015625
Icsd,174443,Li16Nb2N8O,5,7.07293701171875
Icsd,174443,Li16Nb2N8O,6,7.0537109375
Icsd,174443,Li16Nb2N8O,7,7.0235443115234375
Icsd,174443,Li16Nb2N8O,8,7.080841064453125
Icsd,174443,Li16Nb2N8O,9,7.1507415771484375
Icsd,174443,Li16Nb2N8O,10,7.088653564453125
Icsd,174443,Li16Nb2N8O,11,7.0822601318359375
Icsd,174443,Li16Nb2N8O,12,6.93792724609375
Icsd,174443,Li16Nb2N8O,13,7.0084228515625
Icsd,174443,Li16Nb2N8O,14,7.5595550537109375
Icsd,174443,Li16Nb2N8O,15,7.553390502929687
Icsd,20032,Li8I8O24,0,0.848876953125
Icsd,20032,Li8I8O24,1,1.66259765625
Icsd,20032,Li8I8O24,2,1.2794952392578125
Icsd,20032,Li8I8O24,3,1.580718994140625
Icsd,20032,Li8I8O24,4,1.3104095458984375
Icsd,20032,Li8I8O24,5,1.18145751953125
Icsd,20032,Li8I8O24,6,1.507476806640625
Icsd,20032,Li8I8O24,7,1.098907470703125
Icsd,75031,Ba4Li6Ta2N8,4,5.259254455566406
Icsd,75031,Ba4Li6Ta2N8,5,5.1854248046875
Icsd,75031,Ba4Li6Ta2N8,6,3.9640884399414062
Icsd,75031,Ba4Li6Ta2N8,7,3.897186279296875
Icsd,75031,Ba4Li6Ta2N8,8,3.997604370117188
Icsd,75031,Ba4Li6Ta2N8,9,4.043769836425781
Icsd,75516,Ba4Li6Nb2N8,4,5.319190979003906
Icsd,75516,Ba4Li6Nb2N8,5,5.30120849609375
Icsd,75516,Ba4Li6Nb2N8,6,3.921432495117188
Icsd,75516,Ba4Li6Nb2N8,7,3.880035400390625
Icsd,75516,Ba4Li6Nb2N8,8,3.9004974365234375
Icsd,75516,Ba4Li6Nb2N8,9,3.899116516113281
Icsd,193803,Li4Ti6O14,0,0.4397125244140625
Icsd,193803,Li4Ti6O14,1,0.4221649169921875
Icsd,193803,Li4Ti6O14,2,0.9134979248046876
Icsd,193803,Li4Ti6O14,3,0.903656005859375
Crystallography Open Database,2242045,Li6Ga2B4O12,0,3.269622802734375
Crystallography Open Database,2242045,Li6Ga2B4O12,1,3.269622802734375
Crystallography Open Database,2242045,Li6Ga2B4O12,2,3.041046142578125
Crystallography Open Database,2242045,Li6Ga2B4O12,3,3.0410308837890625
Crystallography Open Database,2242045,Li6Ga2B4O12,4,3.1885223388671875
Crystallography Open Database,2242045,Li6Ga2B4O12,5,3.1885223388671875
Icsd,424281,Cs4Li4B4P8O30,4,2.894561767578125
Icsd,424281,Cs4Li4B4P8O30,5,2.871734619140625
Icsd,424281,Cs4Li4B4P8O30,6,2.7877197265625
Icsd,424281,Cs4Li4B4P8O30,7,2.767852783203125
Icsd,421083,Li12P2S10I2,0,1.4102020263671875
Icsd,421083,Li12P2S10I2,1,1.4137725830078125
Icsd,421083,Li12P2S10I2,2,1.0714111328125
Icsd,421083,Li12P2S10I2,3,1.0787124633789062
Icsd,421083,Li12P2S10I2,4,1.3783645629882812
Icsd,421083,Li12P2S10I2,5,1.3135147094726562
Icsd,421083,Li12P2S10I2,6,1.4623565673828125
Icsd,421083,Li12P2S10I2,7,1.516998291015625
Icsd,421083,Li12P2S10I2,8,1.25543212890625
Icsd,421083,Li12P2S10I2,9,1.25445556640625
Icsd,421083,Li12P2S10I2,10,1.2639541625976562
Icsd,421083,Li12P2S10I2,11,1.2872772216796875
Icsd,73124,K2Li8Nb2O10,2,3.857620239257813
Icsd,73124,K2Li8Nb2O10,3,3.8404541015625
Icsd,73124,K2Li8Nb2O10,4,4.019073486328125
Icsd,73124,K2Li8Nb2O10,5,3.9770355224609375
Icsd,73124,K2Li8Nb2O10,6,3.793701171875
Icsd,73124,K2Li8Nb2O10,7,3.8183441162109375
Icsd,73124,K2Li8Nb2O10,8,3.7120513916015625
Icsd,73124,K2Li8Nb2O10,9,3.738082885742188
Icsd,61338,Li4Ga4Br12,0,0.5155258178710938
Icsd,61338,Li4Ga4Br12,1,0.3127975463867187
Icsd,61338,Li4Ga4Br12,2,0.2212142944335937
Icsd,61338,Li4Ga4Br12,3,0.2448387145996093
Icsd,4317,Li8Te4O12,0,1.939117431640625
Icsd,4317,Li8Te4O12,1,1.9383621215820312
Icsd,4317,Li8Te4O12,2,1.9481353759765625
Icsd,4317,Li8Te4O12,3,1.9299545288085935
Icsd,4317,Li8Te4O12,4,1.9833526611328125
Icsd,4317,Li8Te4O12,5,1.981597900390625
Icsd,4317,Li8Te4O12,6,1.9801712036132808
Icsd,4317,Li8Te4O12,7,1.9747467041015625
Icsd,33864,Rb2Li14Si4O16,2,5.3340606689453125
Icsd,33864,Rb2Li14Si4O16,3,5.334869384765625
Icsd,33864,Rb2Li14Si4O16,4,5.2418212890625
Icsd,33864,Rb2Li14Si4O16,5,5.23101806640625
Icsd,33864,Rb2Li14Si4O16,6,5.795074462890625
Icsd,33864,Rb2Li14Si4O16,7,5.4622344970703125
Icsd,33864,Rb2Li14Si4O16,8,5.739166259765625
Icsd,33864,Rb2Li14Si4O16,9,5.7152252197265625
Icsd,33864,Rb2Li14Si4O16,10,5.696258544921875
Icsd,33864,Rb2Li14Si4O16,11,5.735687255859375
Icsd,33864,Rb2Li14Si4O16,12,5.368576049804688
Icsd,33864,Rb2Li14Si4O16,13,5.3153076171875
Icsd,33864,Rb2Li14Si4O16,14,5.31756591796875
Icsd,33864,Rb2Li14Si4O16,15,5.369842529296875
Crystallography Open Database,1510933,Li24Y4B12O36,0,2.142578125
Crystallography Open Database,1510933,Li24Y4B12O36,1,2.1409912109375
Crystallography Open Database,1510933,Li24Y4B12O36,2,2.14312744140625
Crystallography Open Database,1510933,Li24Y4B12O36,3,2.139892578125
Crystallography Open Database,1510933,Li24Y4B12O36,4,3.66741943359375
Crystallography Open Database,1510933,Li24Y4B12O36,5,3.58209228515625
Crystallography Open Database,1510933,Li24Y4B12O36,6,3.6866455078125
Crystallography Open Database,1510933,Li24Y4B12O36,7,3.58270263671875
Crystallography Open Database,1510933,Li24Y4B12O36,8,5.0037841796875
Crystallography Open Database,1510933,Li24Y4B12O36,9,4.94757080078125
Crystallography Open Database,1510933,Li24Y4B12O36,10,5.00445556640625
Crystallography Open Database,1510933,Li24Y4B12O36,11,4.9522705078125
Crystallography Open Database,1510933,Li24Y4B12O36,12,4.8826904296875
Crystallography Open Database,1510933,Li24Y4B12O36,13,4.89227294921875
Crystallography Open Database,1510933,Li24Y4B12O36,14,4.88226318359375
Crystallography Open Database,1510933,Li24Y4B12O36,15,4.90423583984375
Crystallography Open Database,1510933,Li24Y4B12O36,16,3.5548095703125
Crystallography Open Database,1510933,Li24Y4B12O36,17,3.4776611328125
Crystallography Open Database,1510933,Li24Y4B12O36,18,3.53704833984375
Crystallography Open Database,1510933,Li24Y4B12O36,19,3.4737548828125
Crystallography Open Database,1510933,Li24Y4B12O36,20,5.1939697265625
Crystallography Open Database,1510933,Li24Y4B12O36,21,5.2210693359375
Crystallography Open Database,1510933,Li24Y4B12O36,22,5.18572998046875
Crystallography Open Database,1510933,Li24Y4B12O36,23,5.2156982421875
Icsd,245975,Cs2Li6Cl8,2,0.6392822265625
Icsd,245975,Cs2Li6Cl8,3,0.6528129577636719
Icsd,245975,Cs2Li6Cl8,4,0.414459228515625
Icsd,245975,Cs2Li6Cl8,5,0.4338760375976562
Icsd,245975,Cs2Li6Cl8,6,0.6796836853027344
Icsd,245975,Cs2Li6Cl8,7,0.6693840026855469
Crystallography Open Database,1511740,Li6Ga2B4O12,0,3.050994873046875
Crystallography Open Database,1511740,Li6Ga2B4O12,1,3.083282470703125
Crystallography Open Database,1511740,Li6Ga2B4O12,2,3.093048095703125
Crystallography Open Database,1511740,Li6Ga2B4O12,3,2.98333740234375
Crystallography Open Database,1511740,Li6Ga2B4O12,4,2.471664428710937
Crystallography Open Database,1511740,Li6Ga2B4O12,5,2.45220947265625
Crystallography Open Database,2020217,Li8Mg8S12O48,0,1.943145751953125
Crystallography Open Database,2020217,Li8Mg8S12O48,1,1.92120361328125
Crystallography Open Database,2020217,Li8Mg8S12O48,2,1.9261474609375
Crystallography Open Database,2020217,Li8Mg8S12O48,3,1.9427490234375
Crystallography Open Database,2020217,Li8Mg8S12O48,4,1.947052001953125
Crystallography Open Database,2020217,Li8Mg8S12O48,5,1.920196533203125
Crystallography Open Database,2020217,Li8Mg8S12O48,6,1.92742919921875
Crystallography Open Database,2020217,Li8Mg8S12O48,7,1.940887451171875
Crystallography Open Database,4321118,Li4Al4Se8,0,1.3492202758789062
Crystallography Open Database,4321118,Li4Al4Se8,1,1.3340606689453125
Crystallography Open Database,4321118,Li4Al4Se8,2,1.3491973876953125
Crystallography Open Database,4321118,Li4Al4Se8,3,1.3340225219726562
Crystallography Open Database,7213712,Cs8Li12B20O40,8,3.30859375
Crystallography Open Database,7213712,Cs8Li12B20O40,9,3.30859375
Crystallography Open Database,7213712,Cs8Li12B20O40,10,3.30859375
Crystallography Open Database,7213712,Cs8Li12B20O40,11,3.30859375
Crystallography Open Database,7213712,Cs8Li12B20O40,12,3.312255859375
Crystallography Open Database,7213712,Cs8Li12B20O40,13,3.31231689453125
Crystallography Open Database,7213712,Cs8Li12B20O40,14,3.312255859375
Crystallography Open Database,7213712,Cs8Li12B20O40,15,3.312255859375
Crystallography Open Database,7213712,Cs8Li12B20O40,16,3.2720947265625
Crystallography Open Database,7213712,Cs8Li12B20O40,17,3.2720947265625
Crystallography Open Database,7213712,Cs8Li12B20O40,18,3.2208251953125
Crystallography Open Database,7213712,Cs8Li12B20O40,19,3.2208251953125
Crystallography Open Database,2218562,Li6Sc2B4O12,0,2.924667358398437
Crystallography Open Database,2218562,Li6Sc2B4O12,1,2.9584197998046875
Crystallography Open Database,2218562,Li6Sc2B4O12,2,2.345809936523437
Crystallography Open Database,2218562,Li6Sc2B4O12,3,2.318389892578125
Crystallography Open Database,2218562,Li6Sc2B4O12,4,2.345794677734375
Crystallography Open Database,2218562,Li6Sc2B4O12,5,2.318389892578125
Crystallography Open Database,1511474,Li8Si16B8O48,0,2.43060302734375
Crystallography Open Database,1511474,Li8Si16B8O48,1,2.417236328125
Crystallography Open Database,1511474,Li8Si16B8O48,2,2.55859375
Crystallography Open Database,1511474,Li8Si16B8O48,3,2.552001953125
Crystallography Open Database,1511474,Li8Si16B8O48,4,2.26812744140625
Crystallography Open Database,1511474,Li8Si16B8O48,5,2.2760009765625
Crystallography Open Database,1511474,Li8Si16B8O48,6,2.49798583984375
Crystallography Open Database,1511474,Li8Si16B8O48,7,2.50347900390625
Icsd,60850,Li4Ga4I16,0,0.2963943481445312
Icsd,60850,Li4Ga4I16,1,0.268829345703125
Icsd,60850,Li4Ga4I16,2,0.2986373901367187
Icsd,60850,Li4Ga4I16,3,0.2735328674316406
Icsd,188009,Li8S8O28,0,0.695892333984375
Icsd,188009,Li8S8O28,1,0.692901611328125
Icsd,188009,Li8S8O28,2,0.68914794921875
Icsd,188009,Li8S8O28,3,0.695556640625
Icsd,188009,Li8S8O28,4,0.693206787109375
Icsd,188009,Li8S8O28,5,0.692413330078125
Icsd,188009,Li8S8O28,6,0.69537353515625
Icsd,188009,Li8S8O28,7,0.692779541015625
Crystallography Open Database,2014117,Li4Mo4As4O24,0,0.5540313720703125
Crystallography Open Database,2014117,Li4Mo4As4O24,1,0.554046630859375
Crystallography Open Database,2014117,Li4Mo4As4O24,2,0.66033935546875
Crystallography Open Database,2014117,Li4Mo4As4O24,3,0.66033935546875
Crystallography Open Database,1535227,Li6Re6O24,0,1.56585693359375
Crystallography Open Database,1535227,Li6Re6O24,1,1.567840576171875
Crystallography Open Database,1535227,Li6Re6O24,2,1.694000244140625
Crystallography Open Database,1535227,Li6Re6O24,3,1.68914794921875
Crystallography Open Database,1535227,Li6Re6O24,4,1.508270263671875
Crystallography Open Database,1535227,Li6Re6O24,5,1.515106201171875
Crystallography Open Database,9000368,Li12Al12Si12O48,0,2.89471435546875
Crystallography Open Database,9000368,Li12Al12Si12O48,1,2.8826904296875
Crystallography Open Database,9000368,Li12Al12Si12O48,2,2.881103515625
Crystallography Open Database,9000368,Li12Al12Si12O48,3,2.950439453125
Crystallography Open Database,9000368,Li12Al12Si12O48,4,2.91033935546875
Crystallography Open Database,9000368,Li12Al12Si12O48,5,2.90838623046875
Crystallography Open Database,9000368,Li12Al12Si12O48,6,3.11541748046875
Crystallography Open Database,9000368,Li12Al12Si12O48,7,3.1087646484375
Crystallography Open Database,9000368,Li12Al12Si12O48,8,3.09869384765625
Crystallography Open Database,9000368,Li12Al12Si12O48,9,3.10711669921875
Crystallography Open Database,9000368,Li12Al12Si12O48,10,3.107666015625
Crystallography Open Database,9000368,Li12Al12Si12O48,11,3.102294921875
Crystallography Open Database,4306193,Sr6Li12Ta4O22,6,6.184539794921875
Crystallography Open Database,4306193,Sr6Li12Ta4O22,7,6.1845703125
Crystallography Open Database,4306193,Sr6Li12Ta4O22,8,6.18463134765625
Crystallography Open Database,4306193,Sr6Li12Ta4O22,9,6.184600830078125
Crystallography Open Database,4306193,Sr6Li12Ta4O22,10,6.066497802734375
Crystallography Open Database,4306193,Sr6Li12Ta4O22,11,6.0374755859375
Crystallography Open Database,4306193,Sr6Li12Ta4O22,12,6.066497802734375
Crystallography Open Database,4306193,Sr6Li12Ta4O22,13,6.0374755859375
Crystallography Open Database,4306193,Sr6Li12Ta4O22,14,6.3907470703125
Crystallography Open Database,4306193,Sr6Li12Ta4O22,15,6.3907470703125
Crystallography Open Database,4306193,Sr6Li12Ta4O22,16,6.3907470703125
Crystallography Open Database,4306193,Sr6Li12Ta4O22,17,6.3907470703125
Icsd,65260,K8Li32Al8O32,8,5.054779052734375
Icsd,65260,K8Li32Al8O32,9,4.9017333984375
Icsd,65260,K8Li32Al8O32,10,5.05975341796875
Icsd,65260,K8Li32Al8O32,11,4.924163818359375
Icsd,65260,K8Li32Al8O32,12,4.97760009765625
Icsd,65260,K8Li32Al8O32,13,5.189453125
Icsd,65260,K8Li32Al8O32,14,4.945220947265625
Icsd,65260,K8Li32Al8O32,15,5.1016845703125
Icsd,65260,K8Li32Al8O32,16,4.574554443359375
Icsd,65260,K8Li32Al8O32,17,4.65386962890625
Icsd,65260,K8Li32Al8O32,18,4.56427001953125
Icsd,65260,K8Li32Al8O32,19,4.638336181640625
Icsd,65260,K8Li32Al8O32,20,5.007904052734375
Icsd,65260,K8Li32Al8O32,21,4.805938720703125
Icsd,65260,K8Li32Al8O32,22,4.925048828125
Icsd,65260,K8Li32Al8O32,23,4.80230712890625
Icsd,65260,K8Li32Al8O32,24,5.4920654296875
Icsd,65260,K8Li32Al8O32,25,5.499359130859375
Icsd,65260,K8Li32Al8O32,26,5.532562255859375
Icsd,65260,K8Li32Al8O32,27,5.51226806640625
Icsd,65260,K8Li32Al8O32,28,3.717681884765625
Icsd,65260,K8Li32Al8O32,29,3.703826904296875
Icsd,65260,K8Li32Al8O32,30,3.73681640625
Icsd,65260,K8Li32Al8O32,31,3.719635009765625
Icsd,65260,K8Li32Al8O32,32,4.788970947265625
Icsd,65260,K8Li32Al8O32,33,4.75360107421875
Icsd,65260,K8Li32Al8O32,34,4.78466796875
Icsd,65260,K8Li32Al8O32,35,4.80792236328125
Icsd,65260,K8Li32Al8O32,36,5.125244140625
Icsd,65260,K8Li32Al8O32,37,5.09979248046875
Icsd,65260,K8Li32Al8O32,38,5.140594482421875
Icsd,65260,K8Li32Al8O32,39,5.16802978515625
Crystallography Open Database,8101456,Li18Ga6F36,0,3.61956787109375
Crystallography Open Database,8101456,Li18Ga6F36,1,3.61297607421875
Crystallography Open Database,8101456,Li18Ga6F36,2,3.6090087890625
Crystallography Open Database,8101456,Li18Ga6F36,3,3.6214599609375
Crystallography Open Database,8101456,Li18Ga6F36,4,3.39300537109375
Crystallography Open Database,8101456,Li18Ga6F36,5,3.435302734375
Crystallography Open Database,8101456,Li18Ga6F36,6,3.390411376953125
Crystallography Open Database,8101456,Li18Ga6F36,7,3.4072265625
Crystallography Open Database,8101456,Li18Ga6F36,8,2.879547119140625
Crystallography Open Database,8101456,Li18Ga6F36,9,2.8846435546875
Crystallography Open Database,8101456,Li18Ga6F36,10,3.7384033203125
Crystallography Open Database,8101456,Li18Ga6F36,11,3.70452880859375
Crystallography Open Database,8101456,Li18Ga6F36,12,3.731109619140625
Crystallography Open Database,8101456,Li18Ga6F36,13,3.711639404296875
Crystallography Open Database,8101456,Li18Ga6F36,14,3.537017822265625
Crystallography Open Database,8101456,Li18Ga6F36,15,3.485076904296875
Crystallography Open Database,8101456,Li18Ga6F36,16,3.512451171875
Crystallography Open Database,8101456,Li18Ga6F36,17,3.4661865234375
Crystallography Open Database,7031897,Li16B24P8O64,0,2.1737060546875
Crystallography Open Database,7031897,Li16B24P8O64,1,2.17877197265625
Crystallography Open Database,7031897,Li16B24P8O64,2,2.43353271484375
Crystallography Open Database,7031897,Li16B24P8O64,3,2.436279296875
Crystallography Open Database,7031897,Li16B24P8O64,4,2.51397705078125
Crystallography Open Database,7031897,Li16B24P8O64,5,2.52105712890625
Crystallography Open Database,7031897,Li16B24P8O64,6,2.18511962890625
Crystallography Open Database,7031897,Li16B24P8O64,7,2.1566162109375
Crystallography Open Database,7031897,Li16B24P8O64,8,2.56121826171875
Crystallography Open Database,7031897,Li16B24P8O64,9,2.55279541015625
Crystallography Open Database,7031897,Li16B24P8O64,10,2.69805908203125
Crystallography Open Database,7031897,Li16B24P8O64,11,2.67791748046875
Crystallography Open Database,7031897,Li16B24P8O64,12,1.978515625
Crystallography Open Database,7031897,Li16B24P8O64,13,1.97955322265625
Crystallography Open Database,7031897,Li16B24P8O64,14,2.4381103515625
Crystallography Open Database,7031897,Li16B24P8O64,15,2.43853759765625
Icsd,425174,Li4B4S8O32,0,1.6666259765625
Icsd,425174,Li4B4S8O32,1,1.669769287109375
Icsd,425174,Li4B4S8O32,2,1.65252685546875
Icsd,425174,Li4B4S8O32,3,1.659637451171875
Icsd,428002,Li20B4S16O64,0,1.6566162109375
Icsd,428002,Li20B4S16O64,1,1.67095947265625
Icsd,428002,Li20B4S16O64,2,1.66094970703125
Icsd,428002,Li20B4S16O64,3,1.6549072265625
Icsd,428002,Li20B4S16O64,4,1.51910400390625
Icsd,428002,Li20B4S16O64,5,1.51318359375
Icsd,428002,Li20B4S16O64,6,1.52587890625
Icsd,428002,Li20B4S16O64,7,1.53094482421875
Icsd,428002,Li20B4S16O64,8,1.76971435546875
Icsd,428002,Li20B4S16O64,9,1.7691650390625
Icsd,428002,Li20B4S16O64,10,1.7747802734375
Icsd,428002,Li20B4S16O64,11,1.7794189453125
Icsd,428002,Li20B4S16O64,12,1.86962890625
Icsd,428002,Li20B4S16O64,13,1.86907958984375
Icsd,428002,Li20B4S16O64,14,1.886474609375
Icsd,428002,Li20B4S16O64,15,1.865478515625
Icsd,428002,Li20B4S16O64,16,2.13348388671875
Icsd,428002,Li20B4S16O64,17,2.1356201171875
Icsd,428002,Li20B4S16O64,18,2.13201904296875
Icsd,428002,Li20B4S16O64,19,2.12847900390625
Crystallography Open Database,1530096,Li8Ga8Cl24,0,0.3288726806640625
Crystallography Open Database,1530096,Li8Ga8Cl24,1,0.39501953125
Crystallography Open Database,1530096,Li8Ga8Cl24,2,0.3180694580078125
Crystallography Open Database,1530096,Li8Ga8Cl24,3,0.371826171875
Crystallography Open Database,1530096,Li8Ga8Cl24,4,0.33074951171875
Crystallography Open Database,1530096,Li8Ga8Cl24,5,0.391326904296875
Crystallography Open Database,1530096,Li8Ga8Cl24,6,0.3196258544921875
Crystallography Open Database,1530096,Li8Ga8Cl24,7,0.37030029296875
Crystallography Open Database,7035178,Li4Zn2Sn2Se8,0,1.0797958374023438
Crystallography Open Database,7035178,Li4Zn2Sn2Se8,1,1.0797958374023438
Crystallography Open Database,7035178,Li4Zn2Sn2Se8,2,0.8622665405273438
Crystallography Open Database,7035178,Li4Zn2Sn2Se8,3,0.8622665405273438
Crystallography Open Database,1004054,Li4B4S16Cl16O48,0,1.6231689453125
Crystallography Open Database,1004054,Li4B4S16Cl16O48,1,1.6177978515625
Crystallography Open Database,1004054,Li4B4S16Cl16O48,2,1.623199462890625
Crystallography Open Database,1004054,Li4B4S16Cl16O48,3,1.6177978515625
Crystallography Open Database,4329224,Li4In4Ge2S12,0,0.5058670043945312
Crystallography Open Database,4329224,Li4In4Ge2S12,1,0.50164794921875
Crystallography Open Database,4329224,Li4In4Ge2S12,2,0.7240982055664062
Crystallography Open Database,4329224,Li4In4Ge2S12,3,0.7152557373046875
Crystallography Open Database,2208797,Li18Ga6P16O58,0,3.22393798828125
Crystallography Open Database,2208797,Li18Ga6P16O58,1,3.29266357421875
Crystallography Open Database,2208797,Li18Ga6P16O58,2,3.67694091796875
Crystallography Open Database,2208797,Li18Ga6P16O58,3,3.6904296875
Crystallography Open Database,2208797,Li18Ga6P16O58,4,3.66607666015625
Crystallography Open Database,2208797,Li18Ga6P16O58,5,3.69342041015625
Crystallography Open Database,2208797,Li18Ga6P16O58,6,3.37908935546875
Crystallography Open Database,2208797,Li18Ga6P16O58,7,3.56927490234375
Crystallography Open Database,2208797,Li18Ga6P16O58,8,3.46368408203125
Crystallography Open Database,2208797,Li18Ga6P16O58,9,3.6412353515625
Crystallography Open Database,2208797,Li18Ga6P16O58,10,3.5018310546875
Crystallography Open Database,2208797,Li18Ga6P16O58,11,3.445556640625
Crystallography Open Database,2208797,Li18Ga6P16O58,12,3.54736328125
Crystallography Open Database,2208797,Li18Ga6P16O58,13,3.36181640625
Crystallography Open Database,2208797,Li18Ga6P16O58,14,3.46832275390625
Crystallography Open Database,2208797,Li18Ga6P16O58,15,3.3978271484375
Crystallography Open Database,2208797,Li18Ga6P16O58,16,3.49627685546875
Crystallography Open Database,2208797,Li18Ga6P16O58,17,3.622314453125
Icsd,416888,SrLi4P2,1,3.127483367919922
Icsd,416888,SrLi4P2,2,3.152029037475586
Icsd,416888,SrLi4P2,3,4.34991455078125
Icsd,416888,SrLi4P2,4,4.343761444091797
Icsd,73275,Li6MgBr8,0,0.7724685668945312
Icsd,73275,Li6MgBr8,1,0.7644538879394531
Icsd,73275,Li6MgBr8,2,0.77215576171875
Icsd,73275,Li6MgBr8,3,0.7721977233886719
Icsd,73275,Li6MgBr8,4,0.7818717956542969
Icsd,73275,Li6MgBr8,5,0.7700729370117188
Crystallography Open Database,1530934,Li8Te2O10,0,3.6109848022460938
Crystallography Open Database,1530934,Li8Te2O10,1,3.5738449096679688
Crystallography Open Database,1530934,Li8Te2O10,2,3.5738449096679688
Crystallography Open Database,1530934,Li8Te2O10,3,4.500541687011719
Crystallography Open Database,1530934,Li8Te2O10,4,4.538726806640625
Crystallography Open Database,1530934,Li8Te2O10,5,4.538742065429688
Crystallography Open Database,1530934,Li8Te2O10,6,4.608131408691406
Crystallography Open Database,1530934,Li8Te2O10,7,4.608131408691406
Crystallography Open Database,2007413,Li12As4S12,0,1.237091064453125
Crystallography Open Database,2007413,Li12As4S12,1,1.2370758056640625
Crystallography Open Database,2007413,Li12As4S12,2,1.1754837036132812
Crystallography Open Database,2007413,Li12As4S12,3,1.1754837036132812
Crystallography Open Database,2007413,Li12As4S12,4,1.966148376464844
Crystallography Open Database,2007413,Li12As4S12,5,1.966148376464844
Crystallography Open Database,2007413,Li12As4S12,6,1.9292068481445312
Crystallography Open Database,2007413,Li12As4S12,7,1.9292068481445312
Crystallography Open Database,2007413,Li12As4S12,8,0.8267745971679688
Crystallography Open Database,2007413,Li12As4S12,9,0.8267745971679688
Crystallography Open Database,2007413,Li12As4S12,10,0.8443603515625
Crystallography Open Database,2007413,Li12As4S12,11,0.8443603515625
Icsd,49022,K2Li2Zn2O4,2,3.321086883544922
Icsd,49022,K2Li2Zn2O4,3,3.3288650512695312
Icsd,28526,LiYMo3O8,0,0.9391860961914062
Icsd,61218,Li8PtO6,0,5.91668701171875
Icsd,61218,Li8PtO6,1,5.998832702636719
Icsd,61218,Li8PtO6,2,6.029624938964844
Icsd,61218,Li8PtO6,3,5.940956115722656
Icsd,61218,Li8PtO6,4,5.984146118164063
Icsd,61218,Li8PtO6,5,5.976966857910156
Icsd,61218,Li8PtO6,6,5.871490478515625
Icsd,61218,Li8PtO6,7,5.9579620361328125
Crystallography Open Database,7222190,Li8Mg4Si4O16,0,4.01678466796875
Crystallography Open Database,7222190,Li8Mg4Si4O16,1,4.0243072509765625
Crystallography Open Database,7222190,Li8Mg4Si4O16,2,4.013229370117188
Crystallography Open Database,7222190,Li8Mg4Si4O16,3,3.9987640380859375
Crystallography Open Database,7222190,Li8Mg4Si4O16,4,4.261245727539063
Crystallography Open Database,7222190,Li8Mg4Si4O16,5,4.256271362304688
Crystallography Open Database,7222190,Li8Mg4Si4O16,6,4.276535034179688
Crystallography Open Database,7222190,Li8Mg4Si4O16,7,4.2882080078125
Crystallography Open Database,1544389,Li16Zn4P8O32,0,4.126708984375
Crystallography Open Database,1544389,Li16Zn4P8O32,1,4.126708984375
Crystallography Open Database,1544389,Li16Zn4P8O32,2,4.06939697265625
Crystallography Open Database,1544389,Li16Zn4P8O32,3,4.069366455078125
Crystallography Open Database,1544389,Li16Zn4P8O32,4,4.483154296875
Crystallography Open Database,1544389,Li16Zn4P8O32,5,4.483184814453125
Crystallography Open Database,1544389,Li16Zn4P8O32,6,4.38238525390625
Crystallography Open Database,1544389,Li16Zn4P8O32,7,4.38238525390625
Crystallography Open Database,1544389,Li16Zn4P8O32,8,2.40802001953125
Crystallography Open Database,1544389,Li16Zn4P8O32,9,2.40802001953125
Crystallography Open Database,1544389,Li16Zn4P8O32,10,2.457000732421875
Crystallography Open Database,1544389,Li16Zn4P8O32,11,2.45703125
Crystallography Open Database,1544389,Li16Zn4P8O32,12,4.43109130859375
Crystallography Open Database,1544389,Li16Zn4P8O32,13,4.431060791015625
Crystallography Open Database,1544389,Li16Zn4P8O32,14,4.496826171875
Crystallography Open Database,1544389,Li16Zn4P8O32,15,4.496826171875
Icsd,246277,Sr2Li4Ta4O14,2,4.1638946533203125
Icsd,246277,Sr2Li4Ta4O14,3,4.1719970703125
Icsd,246277,Sr2Li4Ta4O14,4,4.231475830078125
Icsd,246277,Sr2Li4Ta4O14,5,4.23956298828125
Icsd,34079,Li4Y4Si4O16,0,2.486083984375
Icsd,34079,Li4Y4Si4O16,1,2.45660400390625
Icsd,34079,Li4Y4Si4O16,2,2.484405517578125
Icsd,34079,Li4Y4Si4O16,3,2.4729766845703125
Icsd,642182,Li56P8N32,0,8.63958740234375
Icsd,642182,Li56P8N32,1,8.5992431640625
Icsd,642182,Li56P8N32,2,8.592437744140625
Icsd,642182,Li56P8N32,3,8.64532470703125
Icsd,642182,Li56P8N32,4,8.594818115234375
Icsd,642182,Li56P8N32,5,8.59588623046875
Icsd,642182,Li56P8N32,6,8.83111572265625
Icsd,642182,Li56P8N32,7,8.827392578125
Icsd,642182,Li56P8N32,8,8.823822021484375
Icsd,642182,Li56P8N32,9,8.82476806640625
Icsd,642182,Li56P8N32,10,8.8240966796875
Icsd,642182,Li56P8N32,11,8.832550048828125
Icsd,642182,Li56P8N32,12,8.660888671875
Icsd,642182,Li56P8N32,13,8.620269775390625
Icsd,642182,Li56P8N32,14,8.64697265625
Icsd,642182,Li56P8N32,15,8.682159423828125
Icsd,642182,Li56P8N32,16,8.64129638671875
Icsd,642182,Li56P8N32,17,8.68792724609375
Icsd,642182,Li56P8N32,18,8.6595458984375
Icsd,642182,Li56P8N32,19,8.62652587890625
Icsd,642182,Li56P8N32,20,8.71856689453125
Icsd,642182,Li56P8N32,21,8.768463134765625
Icsd,642182,Li56P8N32,22,8.745086669921875
Icsd,642182,Li56P8N32,23,8.5694580078125
Icsd,642182,Li56P8N32,24,8.70013427734375
Icsd,642182,Li56P8N32,25,8.74273681640625
Icsd,642182,Li56P8N32,26,8.58056640625
Icsd,642182,Li56P8N32,27,8.623687744140625
Icsd,642182,Li56P8N32,28,8.61102294921875
Icsd,642182,Li56P8N32,29,8.745330810546875
Icsd,642182,Li56P8N32,30,8.7574462890625
Icsd,642182,Li56P8N32,31,8.536956787109375
Icsd,642182,Li56P8N32,32,8.581390380859375
Icsd,642182,Li56P8N32,33,8.619964599609375
Icsd,642182,Li56P8N32,34,8.61279296875
Icsd,642182,Li56P8N32,35,8.74725341796875
Icsd,642182,Li56P8N32,36,8.75469970703125
Icsd,642182,Li56P8N32,37,8.5369873046875
Icsd,642182,Li56P8N32,38,8.72381591796875
Icsd,642182,Li56P8N32,39,8.76312255859375
Icsd,642182,Li56P8N32,40,8.741119384765625
Icsd,642182,Li56P8N32,41,8.571990966796875
Icsd,642182,Li56P8N32,42,8.7061767578125
Icsd,642182,Li56P8N32,43,8.74371337890625
Icsd,642182,Li56P8N32,44,8.66986083984375
Icsd,642182,Li56P8N32,45,8.713531494140625
Icsd,642182,Li56P8N32,46,8.614959716796875
Icsd,642182,Li56P8N32,47,8.585723876953125
Icsd,642182,Li56P8N32,48,8.679534912109375
Icsd,642182,Li56P8N32,49,8.607269287109375
Icsd,642182,Li56P8N32,50,8.605010986328125
Icsd,642182,Li56P8N32,51,8.586700439453125
Icsd,642182,Li56P8N32,52,8.611541748046875
Icsd,642182,Li56P8N32,53,8.713958740234375
Icsd,642182,Li56P8N32,54,8.674896240234375
Icsd,642182,Li56P8N32,55,8.675811767578125
Icsd,174533,Li2La2C4O12,0,2.4054412841796875
Icsd,174533,Li2La2C4O12,1,2.3895263671875
Crystallography Open Database,4337786,Li12Be6B8O24,0,3.110809326171875
Crystallography Open Database,4337786,Li12Be6B8O24,1,3.144317626953125
Crystallography Open Database,4337786,Li12Be6B8O24,2,1.499298095703125
Crystallography Open Database,4337786,Li12Be6B8O24,3,1.473724365234375
Crystallography Open Database,4337786,Li12Be6B8O24,4,3.629180908203125
Crystallography Open Database,4337786,Li12Be6B8O24,5,3.68194580078125
Crystallography Open Database,4337786,Li12Be6B8O24,6,2.952545166015625
Crystallography Open Database,4337786,Li12Be6B8O24,7,2.945404052734375
Crystallography Open Database,4337786,Li12Be6B8O24,8,3.66357421875
Crystallography Open Database,4337786,Li12Be6B8O24,9,3.661865234375
Crystallography Open Database,4337786,Li12Be6B8O24,10,1.634429931640625
Crystallography Open Database,4337786,Li12Be6B8O24,11,1.6226806640625
Icsd,4155,Li6Mo12O39,0,0.95526123046875
Icsd,4155,Li6Mo12O39,1,0.957489013671875
Icsd,4155,Li6Mo12O39,2,1.15240478515625
Icsd,4155,Li6Mo12O39,3,1.1424560546875
Icsd,4155,Li6Mo12O39,4,1.035308837890625
Icsd,4155,Li6Mo12O39,5,1.03546142578125
Crystallography Open Database,4329225,Li4In4Si2Se12,0,0.4113922119140625
Crystallography Open Database,4329225,Li4In4Si2Se12,1,0.391876220703125
Crystallography Open Database,4329225,Li4In4Si2Se12,2,0.685821533203125
Crystallography Open Database,4329225,Li4In4Si2Se12,3,0.6858367919921875
Crystallography Open Database,9007843,Li8Ge10O24,0,4.1772308349609375
Crystallography Open Database,9007843,Li8Ge10O24,1,4.1772308349609375
Crystallography Open Database,9007843,Li8Ge10O24,2,4.1259765625
Crystallography Open Database,9007843,Li8Ge10O24,3,4.1259765625
Crystallography Open Database,9007843,Li8Ge10O24,4,3.3018035888671875
Crystallography Open Database,9007843,Li8Ge10O24,5,3.30181884765625
Crystallography Open Database,9007843,Li8Ge10O24,6,2.8951568603515625
Crystallography Open Database,9007843,Li8Ge10O24,7,2.895126342773437
Crystallography Open Database,1501470,Li8Si12O28,0,2.839202880859375
Crystallography Open Database,1501470,Li8Si12O28,1,2.83917236328125
Crystallography Open Database,1501470,Li8Si12O28,2,2.839202880859375
Crystallography Open Database,1501470,Li8Si12O28,3,2.8392333984375
Crystallography Open Database,1501470,Li8Si12O28,4,2.839202880859375
Crystallography Open Database,1501470,Li8Si12O28,5,2.83917236328125
Crystallography Open Database,1501470,Li8Si12O28,6,2.83917236328125
Crystallography Open Database,1501470,Li8Si12O28,7,2.83917236328125
Icsd,86184,Li6Zn6As6O24,0,2.0751495361328125
Icsd,86184,Li6Zn6As6O24,1,2.082611083984375
Icsd,86184,Li6Zn6As6O24,2,2.104476928710937
Icsd,86184,Li6Zn6As6O24,3,2.0738677978515625
Icsd,86184,Li6Zn6As6O24,4,2.06597900390625
Icsd,86184,Li6Zn6As6O24,5,2.0478057861328125
Crystallography Open Database,9007831,Li6B14O24,0,2.120025634765625
Crystallography Open Database,9007831,Li6B14O24,1,2.1199951171875
Crystallography Open Database,9007831,Li6B14O24,2,2.28900146484375
Crystallography Open Database,9007831,Li6B14O24,3,2.28900146484375
Crystallography Open Database,9007831,Li6B14O24,4,1.6629638671875
Crystallography Open Database,9007831,Li6B14O24,5,1.662933349609375
Crystallography Open Database,4330276,Li8Te4W4O24,0,1.6645050048828125
Crystallography Open Database,4330276,Li8Te4W4O24,1,1.644866943359375
Crystallography Open Database,4330276,Li8Te4W4O24,2,1.6645050048828125
Crystallography Open Database,4330276,Li8Te4W4O24,3,1.6448516845703125
Crystallography Open Database,4330276,Li8Te4W4O24,4,1.90008544921875
Crystallography Open Database,4330276,Li8Te4W4O24,5,1.890777587890625
Crystallography Open Database,4330276,Li8Te4W4O24,6,1.90008544921875
Crystallography Open Database,4330276,Li8Te4W4O24,7,1.890777587890625
Crystallography Open Database,4002768,Sr12Li24Si24N48,12,6.73486328125
Crystallography Open Database,4002768,Sr12Li24Si24N48,13,6.6943359375
Crystallography Open Database,4002768,Sr12Li24Si24N48,14,6.7132568359375
Crystallography Open Database,4002768,Sr12Li24Si24N48,15,6.69635009765625
Crystallography Open Database,4002768,Sr12Li24Si24N48,16,6.69549560546875
Crystallography Open Database,4002768,Sr12Li24Si24N48,17,6.73382568359375
Crystallography Open Database,4002768,Sr12Li24Si24N48,18,6.6951904296875
Crystallography Open Database,4002768,Sr12Li24Si24N48,19,6.707763671875
Crystallography Open Database,4002768,Sr12Li24Si24N48,20,6.752197265625
Crystallography Open Database,4002768,Sr12Li24Si24N48,21,6.72357177734375
Crystallography Open Database,4002768,Sr12Li24Si24N48,22,6.710693359375
Crystallography Open Database,4002768,Sr12Li24Si24N48,23,6.75177001953125
Crystallography Open Database,4002768,Sr12Li24Si24N48,24,6.71136474609375
Crystallography Open Database,4002768,Sr12Li24Si24N48,25,6.732421875
Crystallography Open Database,4002768,Sr12Li24Si24N48,26,6.74139404296875
Crystallography Open Database,4002768,Sr12Li24Si24N48,27,6.72113037109375
Crystallography Open Database,4002768,Sr12Li24Si24N48,28,6.72747802734375
Crystallography Open Database,4002768,Sr12Li24Si24N48,29,6.70062255859375
Crystallography Open Database,4002768,Sr12Li24Si24N48,30,6.700927734375
Crystallography Open Database,4002768,Sr12Li24Si24N48,31,6.7158203125
Crystallography Open Database,4002768,Sr12Li24Si24N48,32,6.71466064453125
Crystallography Open Database,4002768,Sr12Li24Si24N48,33,6.700927734375
Crystallography Open Database,4002768,Sr12Li24Si24N48,34,6.6961669921875
Crystallography Open Database,4002768,Sr12Li24Si24N48,35,6.7373046875
Crystallography Open Database,1008009,Li8Cd4P16O48,0,2.6488037109375
Crystallography Open Database,1008009,Li8Cd4P16O48,1,2.540374755859375
Crystallography Open Database,1008009,Li8Cd4P16O48,2,2.635406494140625
Crystallography Open Database,1008009,Li8Cd4P16O48,3,2.51837158203125
Crystallography Open Database,1008009,Li8Cd4P16O48,4,2.49005126953125
Crystallography Open Database,1008009,Li8Cd4P16O48,5,2.575592041015625
Crystallography Open Database,1008009,Li8Cd4P16O48,6,2.505035400390625
Crystallography Open Database,1008009,Li8Cd4P16O48,7,2.596710205078125
Icsd,424352,Rb8Li12B4P16O56,8,3.7081298828125
Icsd,424352,Rb8Li12B4P16O56,9,3.71478271484375
Icsd,424352,Rb8Li12B4P16O56,10,3.6851806640625
Icsd,424352,Rb8Li12B4P16O56,11,3.7657470703125
Icsd,424352,Rb8Li12B4P16O56,12,3.6336669921875
Icsd,424352,Rb8Li12B4P16O56,13,3.61749267578125
Icsd,424352,Rb8Li12B4P16O56,14,3.69403076171875
Icsd,424352,Rb8Li12B4P16O56,15,3.686279296875
Icsd,424352,Rb8Li12B4P16O56,16,3.61077880859375
Icsd,424352,Rb8Li12B4P16O56,17,3.6224365234375
Icsd,424352,Rb8Li12B4P16O56,18,3.70562744140625
Icsd,424352,Rb8Li12B4P16O56,19,3.71044921875
Icsd,60935,Li2In2P4O14,0,0.76190185546875
Icsd,60935,Li2In2P4O14,1,0.776123046875
Crystallography Open Database,2220995,Li3AlMo2As2O14,0,0.6615142822265625
Crystallography Open Database,2220995,Li3AlMo2As2O14,1,1.0943603515625
Crystallography Open Database,2220995,Li3AlMo2As2O14,2,1.0943603515625
Icsd,75071,Li2Nb6In2Cl18,0,1.132354736328125
Icsd,75071,Li2Nb6In2Cl18,1,1.141998291015625
Icsd,75164,Li8Ti2O8,0,3.573814392089844
Icsd,75164,Li8Ti2O8,1,3.6057357788085938
Icsd,75164,Li8Ti2O8,2,3.573448181152344
Icsd,75164,Li8Ti2O8,3,3.603515625
Icsd,75164,Li8Ti2O8,4,2.924766540527344
Icsd,75164,Li8Ti2O8,5,2.9319305419921875
Icsd,75164,Li8Ti2O8,6,2.9353485107421875
Icsd,75164,Li8Ti2O8,7,2.9362716674804688
Crystallography Open Database,1535645,Rb8Li4Ta4S16,8,1.2684783935546875
Crystallography Open Database,1535645,Rb8Li4Ta4S16,9,1.265625
Crystallography Open Database,1535645,Rb8Li4Ta4S16,10,1.3419189453125
Crystallography Open Database,1535645,Rb8Li4Ta4S16,11,1.3771209716796875
Icsd,39761,Li4Ti4P4O20,0,2.17510986328125
Icsd,39761,Li4Ti4P4O20,1,2.181182861328125
Icsd,39761,Li4Ti4P4O20,2,2.1836090087890625
Icsd,39761,Li4Ti4P4O20,3,2.171783447265625
Crystallography Open Database,9014879,Li12P12O36,0,1.3560791015625
Crystallography Open Database,9014879,Li12P12O36,1,1.33685302734375
Crystallography Open Database,9014879,Li12P12O36,2,1.33685302734375
Crystallography Open Database,9014879,Li12P12O36,3,1.3560791015625
Crystallography Open Database,9014879,Li12P12O36,4,2.332244873046875
Crystallography Open Database,9014879,Li12P12O36,5,2.37432861328125
Crystallography Open Database,9014879,Li12P12O36,6,2.37432861328125
Crystallography Open Database,9014879,Li12P12O36,7,2.332244873046875
Crystallography Open Database,9014879,Li12P12O36,8,1.544403076171875
Crystallography Open Database,9014879,Li12P12O36,9,1.528472900390625
Crystallography Open Database,9014879,Li12P12O36,10,1.52850341796875
Crystallography Open Database,9014879,Li12P12O36,11,1.54443359375
Crystallography Open Database,4337787,Li16Be10B12O36,0,2.690673828125
Crystallography Open Database,4337787,Li16Be10B12O36,1,2.69122314453125
Crystallography Open Database,4337787,Li16Be10B12O36,2,1.854034423828125
Crystallography Open Database,4337787,Li16Be10B12O36,3,1.871673583984375
Crystallography Open Database,4337787,Li16Be10B12O36,4,3.6103515625
Crystallography Open Database,4337787,Li16Be10B12O36,5,3.640869140625
Crystallography Open Database,4337787,Li16Be10B12O36,6,2.28546142578125
Crystallography Open Database,4337787,Li16Be10B12O36,7,2.25762939453125
Crystallography Open Database,4337787,Li16Be10B12O36,8,3.806060791015625
Crystallography Open Database,4337787,Li16Be10B12O36,9,3.827056884765625
Crystallography Open Database,4337787,Li16Be10B12O36,10,1.787689208984375
Crystallography Open Database,4337787,Li16Be10B12O36,11,1.799285888671875
Crystallography Open Database,4337787,Li16Be10B12O36,12,3.98974609375
Crystallography Open Database,4337787,Li16Be10B12O36,13,3.955413818359375
Crystallography Open Database,4337787,Li16Be10B12O36,14,3.32342529296875
Crystallography Open Database,4337787,Li16Be10B12O36,15,3.288421630859375
Crystallography Open Database,1539516,Li12Si4O14,0,2.2193145751953125
Crystallography Open Database,1539516,Li12Si4O14,1,2.21929931640625
Crystallography Open Database,1539516,Li12Si4O14,2,2.2193145751953125
Crystallography Open Database,1539516,Li12Si4O14,3,2.2193145751953125
Crystallography Open Database,1539516,Li12Si4O14,4,4.1069183349609375
Crystallography Open Database,1539516,Li12Si4O14,5,4.1069183349609375
Crystallography Open Database,1539516,Li12Si4O14,6,4.1069183349609375
Crystallography Open Database,1539516,Li12Si4O14,7,4.106903076171875
Crystallography Open Database,1539516,Li12Si4O14,8,4.106903076171875
Crystallography Open Database,1539516,Li12Si4O14,9,4.106903076171875
Crystallography Open Database,1539516,Li12Si4O14,10,4.10693359375
Crystallography Open Database,1539516,Li12Si4O14,11,4.1069183349609375
Icsd,426103,Li18Mg6P8O32F6,0,3.543212890625
Icsd,426103,Li18Mg6P8O32F6,1,3.545623779296875
Icsd,426103,Li18Mg6P8O32F6,2,3.549896240234375
Icsd,426103,Li18Mg6P8O32F6,3,3.538726806640625
Icsd,426103,Li18Mg6P8O32F6,4,3.539703369140625
Icsd,426103,Li18Mg6P8O32F6,5,3.53594970703125
Icsd,426103,Li18Mg6P8O32F6,6,3.91058349609375
Icsd,426103,Li18Mg6P8O32F6,7,3.92828369140625
Icsd,426103,Li18Mg6P8O32F6,8,3.920074462890625
Icsd,426103,Li18Mg6P8O32F6,9,3.932373046875
Icsd,426103,Li18Mg6P8O32F6,10,3.913482666015625
Icsd,426103,Li18Mg6P8O32F6,11,3.92510986328125
Icsd,426103,Li18Mg6P8O32F6,12,3.977386474609375
Icsd,426103,Li18Mg6P8O32F6,13,3.981231689453125
Icsd,426103,Li18Mg6P8O32F6,14,3.972137451171875
Icsd,426103,Li18Mg6P8O32F6,15,4.003753662109375
Icsd,426103,Li18Mg6P8O32F6,16,4.00048828125
Icsd,426103,Li18Mg6P8O32F6,17,4.005828857421875
Icsd,23621,Li8P56,0,0.543670654296875
Icsd,23621,Li8P56,1,0.532440185546875
Icsd,23621,Li8P56,2,0.52447509765625
Icsd,23621,Li8P56,3,0.525421142578125
Icsd,23621,Li8P56,4,0.525054931640625
Icsd,23621,Li8P56,5,0.52789306640625
Icsd,23621,Li8P56,6,0.54132080078125
Icsd,23621,Li8P56,7,0.53265380859375
Crystallography Open Database,1008693,Li16Re24S44,0,1.10516357421875
Crystallography Open Database,1008693,Li16Re24S44,1,1.1695556640625
Crystallography Open Database,1008693,Li16Re24S44,2,1.131103515625
Crystallography Open Database,1008693,Li16Re24S44,3,1.1087646484375
Crystallography Open Database,1008693,Li16Re24S44,4,1.10430908203125
Crystallography Open Database,1008693,Li16Re24S44,5,1.14276123046875
Crystallography Open Database,1008693,Li16Re24S44,6,1.12969970703125
Crystallography Open Database,1008693,Li16Re24S44,7,1.09869384765625
Crystallography Open Database,1008693,Li16Re24S44,8,1.03192138671875
Crystallography Open Database,1008693,Li16Re24S44,9,0.9521484375
Crystallography Open Database,1008693,Li16Re24S44,10,0.9793701171875
Crystallography Open Database,1008693,Li16Re24S44,11,0.97784423828125
Crystallography Open Database,1008693,Li16Re24S44,12,1.03143310546875
Crystallography Open Database,1008693,Li16Re24S44,13,0.95172119140625
Crystallography Open Database,1008693,Li16Re24S44,14,0.94830322265625
Crystallography Open Database,1008693,Li16Re24S44,15,0.97857666015625
Icsd,187751,K8Li8Y8F40,8,3.123077392578125
Icsd,187751,K8Li8Y8F40,9,3.17864990234375
Icsd,187751,K8Li8Y8F40,10,3.136260986328125
Icsd,187751,K8Li8Y8F40,11,3.16937255859375
Icsd,187751,K8Li8Y8F40,12,2.964874267578125
Icsd,187751,K8Li8Y8F40,13,2.986785888671875
Icsd,187751,K8Li8Y8F40,14,2.91961669921875
Icsd,187751,K8Li8Y8F40,15,2.997528076171875
Crystallography Open Database,1530960,Li10B14Cl2O25,0,4.45635986328125
Crystallography Open Database,1530960,Li10B14Cl2O25,1,4.45635986328125
Crystallography Open Database,1530960,Li10B14Cl2O25,2,4.8343505859375
Crystallography Open Database,1530960,Li10B14Cl2O25,3,4.45635986328125
Crystallography Open Database,1530960,Li10B14Cl2O25,4,2.949859619140625
Crystallography Open Database,1530960,Li10B14Cl2O25,5,2.978729248046875
Crystallography Open Database,1530960,Li10B14Cl2O25,6,2.978729248046875
Crystallography Open Database,1530960,Li10B14Cl2O25,7,2.9498291015625
Crystallography Open Database,1530960,Li10B14Cl2O25,8,2.9498291015625
Crystallography Open Database,1530960,Li10B14Cl2O25,9,2.978729248046875
Icsd,60774,Li12P28,0,1.3824615478515625
Icsd,60774,Li12P28,1,1.3968963623046875
Icsd,60774,Li12P28,2,1.3804779052734375
Icsd,60774,Li12P28,3,1.364410400390625
Icsd,60774,Li12P28,4,1.445281982421875
Icsd,60774,Li12P28,5,1.4262237548828125
Icsd,60774,Li12P28,6,1.4599609375
Icsd,60774,Li12P28,7,1.461669921875
Icsd,60774,Li12P28,8,1.46734619140625
Icsd,60774,Li12P28,9,1.4662933349609375
Icsd,60774,Li12P28,10,1.48297119140625
Icsd,60774,Li12P28,11,1.5011138916015625
Icsd,67234,Li12Se6O24,0,1.8351593017578125
Icsd,67234,Li12Se6O24,1,1.8328704833984373
Icsd,67234,Li12Se6O24,2,1.8338623046875
Icsd,67234,Li12Se6O24,3,1.8330841064453125
Icsd,67234,Li12Se6O24,4,1.835113525390625
Icsd,67234,Li12Se6O24,5,1.83453369140625
Icsd,67234,Li12Se6O24,6,1.839508056640625
Icsd,67234,Li12Se6O24,7,1.8387603759765625
Icsd,67234,Li12Se6O24,8,1.841156005859375
Icsd,67234,Li12Se6O24,9,1.8283843994140625
Icsd,67234,Li12Se6O24,10,1.8287506103515625
Icsd,67234,Li12Se6O24,11,1.8312835693359373
Crystallography Open Database,1510140,Li2Au2F8,0,0.9251785278320312
Crystallography Open Database,1510140,Li2Au2F8,1,0.9251823425292968
Icsd,34003,Li2CeN2,0,1.2090301513671875
Icsd,34003,Li2CeN2,1,1.2026138305664062
Icsd,61337,Li4Ga4Br16,0,0.4596786499023437
Icsd,61337,Li4Ga4Br16,1,0.4633026123046875
Icsd,61337,Li4Ga4Br16,2,0.4538192749023437
Icsd,61337,Li4Ga4Br16,3,0.4661636352539062
Crystallography Open Database,2019177,Li8Ge16O36,0,1.268768310546875
Crystallography Open Database,2019177,Li8Ge16O36,1,1.30157470703125
Crystallography Open Database,2019177,Li8Ge16O36,2,1.268768310546875
Crystallography Open Database,2019177,Li8Ge16O36,3,1.30157470703125
Crystallography Open Database,2019177,Li8Ge16O36,4,0.531219482421875
Crystallography Open Database,2019177,Li8Ge16O36,5,0.51458740234375
Crystallography Open Database,2019177,Li8Ge16O36,6,0.531219482421875
Crystallography Open Database,2019177,Li8Ge16O36,7,0.51458740234375
Crystallography Open Database,2005920,Li8P4O14,0,2.2611541748046875
Crystallography Open Database,2005920,Li8P4O14,1,2.3075714111328125
Crystallography Open Database,2005920,Li8P4O14,2,1.326751708984375
Crystallography Open Database,2005920,Li8P4O14,3,1.319580078125
Crystallography Open Database,2005920,Li8P4O14,4,2.9826812744140625
Crystallography Open Database,2005920,Li8P4O14,5,2.995574951171875
Crystallography Open Database,2005920,Li8P4O14,6,2.233627319335937
Crystallography Open Database,2005920,Li8P4O14,7,2.264923095703125
Icsd,68251,Li20La12Nb8O48,0,3.57281494140625
Icsd,68251,Li20La12Nb8O48,1,3.96710205078125
Icsd,68251,Li20La12Nb8O48,2,3.5966796875
Icsd,68251,Li20La12Nb8O48,3,3.57568359375
Icsd,68251,Li20La12Nb8O48,4,3.19049072265625
Icsd,68251,Li20La12Nb8O48,5,3.44769287109375
Icsd,68251,Li20La12Nb8O48,6,4.15338134765625
Icsd,68251,Li20La12Nb8O48,7,3.39910888671875
Icsd,68251,Li20La12Nb8O48,8,3.5396728515625
Icsd,68251,Li20La12Nb8O48,9,4.07135009765625
Icsd,68251,Li20La12Nb8O48,10,3.7218017578125
Icsd,68251,Li20La12Nb8O48,11,3.7728271484375
Icsd,68251,Li20La12Nb8O48,12,3.55194091796875
Icsd,68251,Li20La12Nb8O48,13,3.62725830078125
Icsd,68251,Li20La12Nb8O48,14,3.27789306640625
Icsd,68251,Li20La12Nb8O48,15,2.96051025390625
Icsd,68251,Li20La12Nb8O48,16,2.8553466796875
Icsd,68251,Li20La12Nb8O48,17,3.32623291015625
Icsd,68251,Li20La12Nb8O48,18,2.43597412109375
Icsd,68251,Li20La12Nb8O48,19,3.16650390625
Icsd,92468,Li10Re2N8,0,1.985443115234375
Icsd,92468,Li10Re2N8,1,1.983001708984375
Icsd,92468,Li10Re2N8,2,1.9922637939453125
Icsd,92468,Li10Re2N8,3,1.9908523559570312
Icsd,92468,Li10Re2N8,4,1.964874267578125
Icsd,92468,Li10Re2N8,5,1.9791717529296875
Icsd,92468,Li10Re2N8,6,1.9737701416015625
Icsd,92468,Li10Re2N8,7,1.9809494018554688
Icsd,92468,Li10Re2N8,8,0.7899703979492188
Icsd,92468,Li10Re2N8,9,0.8015823364257812
Crystallography Open Database,1532734,Li24Sc8N16,0,7.725189208984375
Crystallography Open Database,1532734,Li24Sc8N16,1,7.62188720703125
Crystallography Open Database,1532734,Li24Sc8N16,2,7.477569580078125
Crystallography Open Database,1532734,Li24Sc8N16,3,7.619873046875
Crystallography Open Database,1532734,Li24Sc8N16,4,7.6954345703125
Crystallography Open Database,1532734,Li24Sc8N16,5,7.704010009765625
Crystallography Open Database,1532734,Li24Sc8N16,6,7.386199951171875
Crystallography Open Database,1532734,Li24Sc8N16,7,7.582366943359375
Crystallography Open Database,1532734,Li24Sc8N16,8,7.702972412109375
Crystallography Open Database,1532734,Li24Sc8N16,9,7.656097412109375
Crystallography Open Database,1532734,Li24Sc8N16,10,7.701568603515625
Crystallography Open Database,1532734,Li24Sc8N16,11,7.570037841796875
Crystallography Open Database,1532734,Li24Sc8N16,12,7.725189208984375
Crystallography Open Database,1532734,Li24Sc8N16,13,7.62188720703125
Crystallography Open Database,1532734,Li24Sc8N16,14,7.477569580078125
Crystallography Open Database,1532734,Li24Sc8N16,15,7.619873046875
Crystallography Open Database,1532734,Li24Sc8N16,16,7.6954345703125
Crystallography Open Database,1532734,Li24Sc8N16,17,7.704010009765625
Crystallography Open Database,1532734,Li24Sc8N16,18,7.386199951171875
Crystallography Open Database,1532734,Li24Sc8N16,19,7.582366943359375
Crystallography Open Database,1532734,Li24Sc8N16,20,7.702972412109375
Crystallography Open Database,1532734,Li24Sc8N16,21,7.65606689453125
Crystallography Open Database,1532734,Li24Sc8N16,22,7.70159912109375
Crystallography Open Database,1532734,Li24Sc8N16,23,7.57000732421875
Icsd,405777,Li6Ta6O9F18,0,1.178466796875
Icsd,405777,Li6Ta6O9F18,1,1.158416748046875
Icsd,405777,Li6Ta6O9F18,2,1.1854248046875
Icsd,405777,Li6Ta6O9F18,3,1.180572509765625
Icsd,405777,Li6Ta6O9F18,4,1.159515380859375
Icsd,405777,Li6Ta6O9F18,5,1.168914794921875
Icsd,62137,Li12Zn2O8,0,3.845458984375
Icsd,62137,Li12Zn2O8,1,3.841598510742188
Icsd,62137,Li12Zn2O8,2,3.8526535034179688
Icsd,62137,Li12Zn2O8,3,3.8547286987304688
Icsd,62137,Li12Zn2O8,4,3.919715881347656
Icsd,62137,Li12Zn2O8,5,3.916587829589844
Icsd,62137,Li12Zn2O8,6,3.8884353637695312
Icsd,62137,Li12Zn2O8,7,3.8919677734375
Icsd,62137,Li12Zn2O8,8,3.8400726318359375
Icsd,62137,Li12Zn2O8,9,3.8749008178710938
Icsd,62137,Li12Zn2O8,10,3.862091064453125
Icsd,62137,Li12Zn2O8,11,3.810302734375
Icsd,83831,Li2Sn4P6O24,0,1.6539154052734375
Icsd,83831,Li2Sn4P6O24,1,1.62860107421875
Icsd,190656,Li2Zr4As6O24,0,1.08154296875
Icsd,190656,Li2Zr4As6O24,1,1.0789794921875
Icsd,34361,Li4Ge9O20,0,2.5198516845703125
Icsd,34361,Li4Ge9O20,1,1.8284759521484373
Icsd,34361,Li4Ge9O20,2,2.879180908203125
Icsd,34361,Li4Ge9O20,3,2.374847412109375
Crystallography Open Database,2012178,Li8Al4B20O40,0,2.33477783203125
Crystallography Open Database,2012178,Li8Al4B20O40,1,2.34075927734375
Crystallography Open Database,2012178,Li8Al4B20O40,2,2.33477783203125
Crystallography Open Database,2012178,Li8Al4B20O40,3,2.3408203125
Crystallography Open Database,2012178,Li8Al4B20O40,4,2.23052978515625
Crystallography Open Database,2012178,Li8Al4B20O40,5,2.26654052734375
Crystallography Open Database,2012178,Li8Al4B20O40,6,2.23052978515625
Crystallography Open Database,2012178,Li8Al4B20O40,7,2.26654052734375
Crystallography Open Database,1526845,Li4Al4Ge4O20,0,1.0650787353515625
Crystallography Open Database,1526845,Li4Al4Ge4O20,1,1.05010986328125
Crystallography Open Database,1526845,Li4Al4Ge4O20,2,1.0811614990234375
Crystallography Open Database,1526845,Li4Al4Ge4O20,3,1.06158447265625
Icsd,33953,Li4Au4F16,0,1.0407943725585938
Icsd,33953,Li4Au4F16,1,1.0412673950195312
Icsd,33953,Li4Au4F16,2,1.04595947265625
Icsd,33953,Li4Au4F16,3,1.0463409423828125
Crystallography Open Database,1536985,Li4I4O16,0,0.991485595703125
Crystallography Open Database,1536985,Li4I4O16,1,0.9860687255859376
Crystallography Open Database,1536985,Li4I4O16,2,0.9839324951171876
Crystallography Open Database,1536985,Li4I4O16,3,0.976531982421875
Icsd,416956,Na4Li4B16O28,4,2.795928955078125
Icsd,416956,Na4Li4B16O28,5,2.833251953125
Icsd,416956,Na4Li4B16O28,6,2.806304931640625
Icsd,416956,Na4Li4B16O28,7,2.77825927734375
Icsd,291512,Na2Li4B2P4O16,2,1.5649871826171875
Icsd,291512,Na2Li4B2P4O16,3,1.5550537109375
Icsd,291512,Na2Li4B2P4O16,4,2.64959716796875
Icsd,291512,Na2Li4B2P4O16,5,2.647491455078125
